titulo,empresa,localizacao,link
10896 -EngenheirodeDados,N/A,N/A,https://www.vagas.com.br/vagas/v2753249/10896-engenheiro-de-dados
Analista Sênior deEngenhariadeDados,N/A,N/A,https://www.vagas.com.br/vagas/v2750504/analista-senior-de-engenharia-de-dados
10870 -EngenheirodeDadosAws,N/A,N/A,https://www.vagas.com.br/vagas/v2747253/10870-engenheiro-de-dados-aws
Bolsista Mestre [ciência deDados;EngenhariadeDados; Matemática; Estatística] Cielo,N/A,N/A,https://www.vagas.com.br/vagas/v2734805/bolsista-mestre-ciencia-de-dados-engenharia-de-dados-matematica-estatistica-cielo
"Bolsista Graduado [ciências deDados,Engenhariade Produção, Sistemas de Informação] General Motors",N/A,N/A,https://www.vagas.com.br/vagas/v2743390/bolsista-graduado-ciencias-de-dados-engenharia-de-producao-sistemas-de-informacao-general-motors
"Bolsista Graduado [ciências deDados,Engenhariade Produção, Sistemas de Informação] General Motors",N/A,N/A,https://www.vagas.com.br/vagas/v2743403/bolsista-graduado-ciencias-de-dados-engenharia-de-producao-sistemas-de-informacao-general-motors
Arquiteto deDadosII,N/A,N/A,https://www.vagas.com.br/vagas/v2729427/arquiteto-de-dados-ii
EngenheiroII (EngenhariaMetalúrgica),N/A,N/A,https://www.vagas.com.br/vagas/v2754911/engenheiro-ii-engenharia-metalurgica
Estágio emEngenharia,N/A,N/A,https://www.vagas.com.br/vagas/v2752362/estagio-em-engenharia
Estágio emEngenharia,N/A,N/A,https://www.vagas.com.br/vagas/v2750130/estagio-em-engenharia
Engenheirode Ia,N/A,N/A,https://www.vagas.com.br/vagas/v2749163/engenheiro-de-ia
Auxiliar deEngenharia,N/A,N/A,https://www.vagas.com.br/vagas/v2740901/auxiliar-de-engenharia
Estágio emEngenharia,N/A,N/A,https://www.vagas.com.br/vagas/v2748660/estagio-em-engenharia
Arquiteto(a) OuEngenheiro(a) Júnior - B I M,N/A,N/A,https://www.vagas.com.br/vagas/v2743708/arquiteto-a-ou-engenheiro-a-junior-b-i-m
Engenheirode Saneamento Jr,N/A,N/A,https://www.vagas.com.br/vagas/v2751996/engenheiro-de-saneamento-jr
Engenheirode Vendas,N/A,N/A,https://www.vagas.com.br/vagas/v2741794/engenheiro-de-vendas
TécnicoEngenharia,N/A,N/A,https://www.vagas.com.br/vagas/v2750739/tecnico-engenharia
"Bolsista Graduado [engenhariade Produção,Engenhariade Processos] Hyundai",N/A,N/A,https://www.vagas.com.br/vagas/v2736326/bolsista-graduado-engenharia-de-producao-engenharia-de-processos-hyundai
Estágio -Engenhariade Produção,N/A,N/A,https://www.vagas.com.br/vagas/v2749327/estagio-engenharia-de-producao
Especialista deEngenhariaElétrica,N/A,N/A,https://www.vagas.com.br/vagas/v2755108/especialista-de-engenharia-eletrica
Engenheirode Civil /  Hidrossanitarista,N/A,N/A,https://www.vagas.com.br/vagas/v2753794/engenheiro-de-civil-hidrossanitarista
Estagiário deEngenhariade Produção,N/A,N/A,https://www.vagas.com.br/vagas/v2745882/estagiario-de-engenharia-de-producao
EngenheiroMelhoria Contínua,N/A,N/A,https://www.vagas.com.br/vagas/v2748270/engenheiro-melhoria-continua
Estagiário (a)EngenhariaCivil,N/A,N/A,https://www.vagas.com.br/vagas/v2747834/estagiario-a-engenharia-civil
EspecialistaEngenhariaIndustrial,N/A,N/A,https://www.vagas.com.br/vagas/v2750372/especialista-engenharia-industrial
Engenheiro(a) de Machine Learning (Ml),N/A,N/A,https://www.vagas.com.br/vagas/v2752816/engenheiro-a-de-machine-learning-ml
Estágio Consultoria -EngenhariaQuímica,N/A,N/A,https://www.vagas.com.br/vagas/v2750196/estagio-consultoria-engenharia-quimica
Engenheiro(a) Eletricista Jr - Apiaí / SP,N/A,N/A,https://www.vagas.com.br/vagas/v2753579/engenheiro-a-eletricista-jr-apiai-sp
Estágio emEngenhariade Produção/Logística,N/A,N/A,https://www.vagas.com.br/vagas/v2749808/estagio-em-engenharia-de-producao-logistica
Engenheirode Serviços - Cideq Manutenção,N/A,N/A,https://www.vagas.com.br/vagas/v2751850/engenheiro-de-servicos-cideq-manutencao
Estágio deEngenharia(metalurgia/Mecânica/Química),N/A,N/A,https://www.vagas.com.br/vagas/v2728874/estagio-de-engenharia-metalurgia-mecanica-quimica
Engenheirode Manutenção Pl - Ênfase em Projetos de Barragens,N/A,N/A,https://www.vagas.com.br/vagas/v2754049/engenheiro-de-manutencao-pl-enfase-em-projetos-de-barragens
Pessoa Estagiária em Projetos deEngenhariae Manutenção,N/A,N/A,https://www.vagas.com.br/vagas/v2744644/pessoa-estagiaria-em-projetos-de-engenharia-e-manutencao
DocenteEngenharia| São Judas - Guarulhos,N/A,N/A,https://www.vagas.com.br/vagas/v2745111/docente-engenharia-sao-judas-guarulhos
Estagiário(a) deEngenhariaDigital - Belo Horizonte/MG,N/A,N/A,https://www.vagas.com.br/vagas/v2751399/estagiario-a-de-engenharia-digital-belo-horizonte-mg
EngenheiroJr -  (VAGA Extensiva para Pessoas com Deficiência),N/A,N/A,https://www.vagas.com.br/vagas/v2730135/engenheiro-jr-vaga-extensiva-para-pessoas-com-deficiencia
Engenheirode Software Sênior (Exclusiva para Pessoa com Deficiência),N/A,N/A,https://www.vagas.com.br/vagas/v2745963/engenheiro-de-software-senior-exclusiva-para-pessoa-com-deficiencia
Estágio emEngenharia- PMO (Gestão de Projetos Telecom),N/A,N/A,https://www.vagas.com.br/vagas/v2752257/estagio-em-engenharia-pmo-gestao-de-projetos-telecom
"Bolsista Graduado [engenharias, Ciências da Computação] Whirlpool",N/A,N/A,https://www.vagas.com.br/vagas/v2742795/bolsista-graduado-engenharias-ciencias-da-computacao-whirlpool
Engenheirode Serviços - Subsea Robotics e Engineering Solutions,N/A,N/A,https://www.vagas.com.br/vagas/v2751853/engenheiro-de-servicos-subsea-robotics-e-engineering-solutions
Engenheirode Projetos - Planejamento Executivo de Obras Industriais,N/A,N/A,https://www.vagas.com.br/vagas/v2754309/engenheiro-de-projetos-planejamento-executivo-de-obras-industriais
Assistente deEngenharia- Vaga Afirmativa Também para o Público Pcd - 97199,N/A,N/A,https://www.vagas.com.br/vagas/v2749686/assistente-de-engenharia-vaga-afirmativa-tambem-para-o-publico-pcd-97199
EngenheiroCdms (VAGA Extensiva para Pessoas com Deficiência),N/A,N/A,https://www.vagas.com.br/vagas/v2746049/engenheiro-cdms-vaga-extensiva-para-pessoas-com-deficiencia
EngenheiroGeotécnico Pleno (VAGA Extensiva para Pessoas com Deficiência),N/A,N/A,https://www.vagas.com.br/vagas/v2753242/engenheiro-geotecnico-pleno-vaga-extensiva-para-pessoas-com-deficiencia
Engenheirode Estruturas e Túneis (VAGA Extensiva para Pessoas com Deficiência),N/A,N/A,https://www.vagas.com.br/vagas/v2745997/engenheiro-de-estruturas-e-tuneis-vaga-extensiva-para-pessoas-com-deficiencia
EngenheiroModelagem Hidráulica (VAGA Extensiva para Pessoas com Deficiência),N/A,N/A,https://www.vagas.com.br/vagas/v2746078/engenheiro-modelagem-hidraulica-vaga-extensiva-para-pessoas-com-deficiencia
"Bolsista Mestre [engenhariada Computação, Ciência da Computação, Estatística] Cielo",N/A,N/A,https://www.vagas.com.br/vagas/v2746171/bolsista-mestre-engenharia-da-computacao-ciencia-da-computacao-estatistica-cielo
"Estágio (Engenhariada Computação, Análise e Desenvolvimento de Sistemas, TI  Ou Sistemas de Informação",N/A,N/A,https://www.vagas.com.br/vagas/v2751417/estagio-engenharia-da-computacao-analise-e-desenvolvimento-de-sistemas-ti-ou-sistemas-de-informacao
"Bolsista Mestre [computação,Engenharias, Matemática, Modelagem Computacional, Física] Embraer",N/A,N/A,https://www.vagas.com.br/vagas/v2748506/bolsista-mestre-computacao-engenharias-matematica-modelagem-computacional-fisica-embraer
"Bolsista Graduado (Engenhariada Computação Ou Cursos Relacionados, Estatística, Matemática) Baumer",N/A,N/A,https://www.vagas.com.br/vagas/v2752946/bolsista-graduado-engenharia-da-computacao-ou-cursos-relacionados-estatistica-matematica-baumer
"Bolsista Doutor [engenharia, Matemática, Ciências da Computação, Estatística] Ict Itaú",N/A,N/A,https://www.vagas.com.br/vagas/v2747837/bolsista-doutor-engenharia-matematica-ciencias-da-computacao-estatistica-ict-itau
"Bolsista Graduado [ Eng. da Computação; Sistemas de Informação, Ciência da Comp.] Thyssenkrupp",N/A,N/A,https://www.vagas.com.br/vagas/v2746178/bolsista-graduado-eng-da-computacao-sistemas-de-informacao-ciencia-da-comp-thyssenkrupp
EngenheiroMecânico Master Ou Especialista (VAGA Extensiva para Pessoas com Deficiência),N/A,N/A,https://www.vagas.com.br/vagas/v2744738/engenheiro-mecanico-master-ou-especialista-vaga-extensiva-para-pessoas-com-deficiencia
"Bolsista Graduado [Engenharia, Matemática, Ciências da Computação, Áreas Correlatas] Ict Itaú",N/A,N/A,https://www.vagas.com.br/vagas/v2750434/bolsista-graduado-engenharia-matematica-ciencias-da-computacao-areas-correlatas-ict-itau
"Bolsista Mestre [Engenharia, Matemática, Ciências da Computação, Áreas Correlatas] Ict Itaú",N/A,N/A,https://www.vagas.com.br/vagas/v2750438/bolsista-mestre-engenharia-matematica-ciencias-da-computacao-areas-correlatas-ict-itau
Estágio Técnico em Segurança do Trabalho,N/A,N/A,https://www.vagas.com.br/vagas/v2751821/estagio-tecnico-em-seguranca-do-trabalho
Executivo de Vendas,N/A,N/A,https://www.vagas.com.br/vagas/v2747070/executivo-de-vendas
Executivo de Vendas,N/A,N/A,https://www.vagas.com.br/vagas/v2746543/executivo-de-vendas
Especialista em Análise de Viabilidade de Inovação Azul,N/A,N/A,https://www.vagas.com.br/vagas/v2749631/especialista-em-analise-de-viabilidade-de-inovacao-azul
Inspetor de Controle de Qualidade Júnior,N/A,N/A,https://www.vagas.com.br/vagas/v2751837/inspetor-de-controle-de-qualidade-junior
Desenhista Projetista,N/A,N/A,https://www.vagas.com.br/vagas/v2752401/desenhista-projetista
Executivo de Vendas,N/A,N/A,https://www.vagas.com.br/vagas/v2746196/executivo-de-vendas
CONSULTOR(a) Marketing Digital Data Viz,N/A,N/A,https://www.vagas.com.br/vagas/v2751121/consultor-a-marketing-digital-data-viz
Analista de Recrutamento e Seleção Sr,N/A,N/A,https://www.vagas.com.br/vagas/v2750701/analista-de-recrutamento-e-selecao-sr
Planejador Manutencao Industrial Sr,N/A,N/A,https://www.vagas.com.br/vagas/v2744647/planejador-manutencao-industrial-sr
